"source","target","weight"
"black","queer",0.0423
"queer","nerd",0.024
"black","writer",0.0228
"queer","writer",0.0358
"nerd","writer",0.0401
"nerd","fan",0.0375
"writer","fan",0.0351
"fan","owner",0.0271
"fan","family",0.0279
"family","country",0.1463
"black","matter",0.3095
"family","usa",0.0348
"country","usa",0.0334
"fan","army",0.0299
"country","army",0.0227
"fan","veteran",0.0239
"owner","veteran",0.0225
"family","veteran",0.0275
"country","veteran",0.0377
"army","veteran",0.1881
"family","🇺🇸",0.0477
"country","🇺🇸",0.0731
"usa","🇺🇸",0.0595
"army","🇺🇸",0.0316
"veteran","🇺🇸",0.0467
"black","life",0.0672
"writer","life",0.0233
"fan","life",0.0406
"family","life",0.0588
"country","life",0.0254
"matter","life",0.0999
"🇺🇸","life",0.0224
"nerd","mom",0.0245
"writer","mom",0.0346
"fan","mom",0.0327
"owner","mom",0.0315
"family","mom",0.0297
"country","mom",0.0233
"army","mom",0.0251
"veteran","mom",0.022
"🇺🇸","mom",0.037
"life","mom",0.0353
"country","independent",0.0213
"veteran","independent",0.0267
"black","human",0.0206
"writer","human",0.0246
"equality","human",0.035
"matter","human",0.0284
"life","human",0.0268
"mom","human",0.0298
"writer","world",0.0214
"fan","world",0.0235
"family","world",0.0216
"country","world",0.0271
"life","world",0.0318
"human","world",0.0251
"family","god",0.1741
"country","god",0.1431
"usa","god",0.053
"veteran","god",0.0254
"🇺🇸","god",0.0709
"life","god",0.0524
"mom","god",0.0269
"world","god",0.0225
"black","pro",0.0206
"equality","pro",0.0254
"fan","pro",0.0265
"family","pro",0.0222
"🇺🇸","pro",0.0299
"life","pro",0.0497
"god","pro",0.0263
"nerd","lover",0.0427
"writer","lover",0.0581
"fan","lover",0.072
"owner","lover",0.0304
"family","lover",0.0314
"country","lover",0.0208
"veteran","lover",0.0212
"🇺🇸","lover",0.0219
"life","lover",0.0519
"mom","lover",0.076
"human","lover",0.0275
"world","lover",0.0254
"god","lover",0.0374
"pro","lover",0.0203
"writer","social",0.0326
"equality","social",0.0285
"human","social",0.0275
"lover","social",0.0239
"fan","great",0.0205
"family","great",0.0318
"country","great",0.0474
"🇺🇸","great",0.0222
"life","great",0.0333
"mom","great",0.0216
"world","great",0.0315
"god","great",0.0425
"lover","great",0.0205
"country","free",0.0207
"🇺🇸","free",0.0213
"life","free",0.0244
"independent","free",0.023
"world","free",0.0231
"pro","free",0.0253
"fan","retire",0.0245
"family","retire",0.0282
"country","retire",0.0248
"army","retire",0.0538
"veteran","retire",0.0572
"🇺🇸","retire",0.0215
"life","retire",0.0274
"mom","retire",0.0325
"lover","retire",0.0271
"black","love",0.027
"nerd","love",0.0215
"writer","love",0.0246
"equality","love",0.0217
"fan","love",0.0579
"family","love",0.1475
"country","love",0.1207
"matter","love",0.0268
"usa","love",0.0391
"army","love",0.027
"veteran","love",0.0277
"🇺🇸","love",0.0446
"life","love",0.1183
"mom","love",0.0538
"human","love",0.0318
"world","love",0.0451
"god","love",0.1207
"pro","love",0.0232
"lover","love",0.0399
"great","love",0.0479
"free","love",0.027
"retire","love",0.0368
"🇺🇸","win",0.0228
"god","win",0.0242
"love","win",0.0204
"fan","year",0.0308
"family","year",0.0205
"army","year",0.0338
"veteran","year",0.0369
"life","year",0.0321
"great","year",0.0202
"retire","year",0.0619
"love","year",0.0387
"writer","work",0.0273
"family","work",0.0362
"life","work",0.0394
"mom","work",0.0233
"world","work",0.0283
"god","work",0.0203
"social","work",0.0366
"great","work",0.0201
"retire","work",0.0262
"love","work",0.0439
"year","work",0.0376
"black","live",0.1178
"fan","live",0.0292
"family","live",0.0293
"country","live",0.033
"matter","live",0.1654
"life","live",0.1646
"mom","live",0.0224
"human","live",0.0246
"world","live",0.0491
"god","live",0.029
"lover","live",0.0239
"great","live",0.0238
"free","live",0.0397
"retire","live",0.0216
"love","live",0.083
"year","live",0.0309
"work","live",0.0381
"black","trans",0.0671
"queer","trans",0.0835
"writer","trans",0.021
"matter","trans",0.0805
"life","trans",0.0209
"human","trans",0.0516
"live","trans",0.0331
"black","woman",0.0872
"equality","woman",0.0212
"life","woman",0.0256
"mom","woman",0.0283
"human","woman",0.0337
"world","woman",0.021
"god","woman",0.0276
"lover","woman",0.026
"love","woman",0.0405
"trans","woman",0.0801
"black","proud",0.0226
"fan","proud",0.0554
"owner","proud",0.0435
"family","proud",0.0406
"country","proud",0.0484
"usa","proud",0.0238
"army","proud",0.0388
"veteran","proud",0.0583
"🇺🇸","proud",0.0598
"life","proud",0.0324
"mom","proud",0.0812
"independent","proud",0.0238
"human","proud",0.021
"world","proud",0.0202
"god","proud",0.0325
"pro","proud",0.0269
"lover","proud",0.051
"great","proud",0.0269
"retire","proud",0.0399
"love","proud",0.0569
"year","proud",0.0282
"work","proud",0.0235
"live","proud",0.0269
"woman","proud",0.0294
"black","american",0.0251
"family","american",0.0346
"country","american",0.0548
"usa","american",0.0281
"army","american",0.0213
"veteran","american",0.0515
"🇺🇸","american",0.0833
"life","american",0.0209
"mom","american",0.0255
"independent","american",0.0297
"god","american",0.0479
"pro","american",0.0231
"lover","american",0.0214
"great","american",0.0253
"free","american",0.023
"love","american",0.0379
"work","american",0.0211
"live","american",0.0212
"woman","american",0.0216
"proud","american",0.1359
"trans","fuck",0.0206
"family","#maga",0.0352
"country","#maga",0.0518
"usa","#maga",0.037
"veteran","#maga",0.0297
"🇺🇸","#maga",0.1313
"mom","#maga",0.0204
"god","#maga",0.0519
"retire","#maga",0.0217
"love","#maga",0.0329
"proud","#maga",0.0439
"american","#maga",0.0501
"fan","follow",0.0323
"life","follow",0.0257
"world","follow",0.0214
"god","follow",0.0212
"free","follow",0.0256
"love","follow",0.0358
"#maga","follow",0.0256
"family","president",0.0208
"country","president",0.0414
"usa","president",0.0246
"🇺🇸","president",0.0499
"god","president",0.0309
"great","president",0.0262
"love","president",0.0318
"proud","president",0.0291
"american","president",0.0269
"#maga","president",0.051
"black","af",0.023
"queer","af",0.0503
"black","feminist",0.0254
"queer","feminist",0.0445
"nerd","feminist",0.0219
"writer","feminist",0.0338
"mom","feminist",0.0311
"human","feminist",0.0224
"lover","feminist",0.0283
"social","feminist",0.0218
"radical","feminist",0.0414
"trans","feminist",0.023
"woman","feminist",0.0385
"proud","feminist",0.0212
"af","feminist",0.0205
"fan","conservative",0.0329
"owner","conservative",0.0279
"family","conservative",0.0586
"country","conservative",0.0867
"usa","conservative",0.0495
"army","conservative",0.0368
"veteran","conservative",0.0667
"🇺🇸","conservative",0.1198
"life","conservative",0.0348
"mom","conservative",0.0434
"independent","conservative",0.0558
"god","conservative",0.0727
"pro","conservative",0.0672
"lover","conservative",0.0358
"social","conservative",0.0217
"great","conservative",0.0356
"free","conservative",0.0324
"retire","conservative",0.0541
"love","conservative",0.0678
"win","conservative",0.0498
"year","conservative",0.0303
"work","conservative",0.0211
"live","conservative",0.0246
"woman","conservative",0.0244
"proud","conservative",0.0964
"american","conservative",0.0982
"fuck","conservative",0.028
"#maga","conservative",0.1295
"follow","conservative",0.0315
"president","conservative",0.1166
"nerd","history",0.0436
"writer","history",0.0238
"fan","history",0.0243
"world","history",0.0246
"lover","history",0.0379
"social","history",0.0213
"love","history",0.0328
"american","history",0.0308
"nerd","politics",0.0211
"fan","politics",0.0239
"family","politics",0.0243
"life","politics",0.0234
"human","politics",0.0215
"world","politics",0.0331
"lover","politics",0.0242
"social","politics",0.0349
"labor","politics",0.0202
"love","politics",0.0395
"work","politics",0.0215
"proud","politics",0.0215
"american","politics",0.0237
"follow","politics",0.0275
"conservative","politics",0.0276
"history","politics",0.1045
"world","leave",0.0271
"radical","leave",0.0282
"labor","leave",0.0206
"love","leave",0.023
"conservative","leave",0.032
"politics","leave",0.0261
"writer","advocate",0.0334
"equality","advocate",0.0348
"fan","advocate",0.0201
"veteran","advocate",0.0231
"mom","advocate",0.0466
"human","advocate",0.0447
"lover","advocate",0.037
"social","advocate",0.0437
"free","advocate",0.026
"woman","advocate",0.0257
"proud","advocate",0.0232
"feminist","advocate",0.026
"nerd","husband",0.027
"writer","husband",0.0278
"fan","husband",0.0725
"owner","husband",0.05
"family","husband",0.0303
"country","husband",0.021
"army","husband",0.03
"veteran","husband",0.0657
"🇺🇸","husband",0.0239
"life","husband",0.0287
"god","husband",0.0396
"lover","husband",0.0469
"great","husband",0.0274
"retire","husband",0.0353
"love","husband",0.0474
"year","husband",0.0232
"work","husband",0.0208
"proud","husband",0.082
"american","husband",0.0396
"#maga","husband",0.0201
"conservative","husband",0.0523
"advocate","husband",0.0218
"nerd","father",0.0225
"writer","father",0.0275
"fan","father",0.072
"owner","father",0.0522
"family","father",0.0294
"country","father",0.0233
"army","father",0.0365
"veteran","father",0.0824
"🇺🇸","father",0.0254
"life","father",0.0316
"independent","father",0.02
"god","father",0.046
"lover","father",0.0475
"great","father",0.0319
"retire","father",0.037
"love","father",0.0425
"year","father",0.0296
"work","father",0.0212
"proud","father",0.1069
"american","father",0.0446
"#maga","father",0.0233
"conservative","father",0.0574
"advocate","father",0.0226
"husband","father",0.5655
"black","white",0.062
"queer","white",0.0207
"trans","white",0.0285
"woman","white",0.0234
"conservative","white",0.0254
"fan","christian",0.0274
"family","christian",0.035
"country","christian",0.0327
"usa","christian",0.021
"veteran","christian",0.0389
"🇺🇸","christian",0.0433
"life","christian",0.023
"mom","christian",0.0382
"independent","christian",0.0207
"god","christian",0.0483
"pro","christian",0.0324
"lover","christian",0.0277
"retire","christian",0.0274
"love","christian",0.0422
"proud","christian",0.0397
"american","christian",0.0569
"#maga","christian",0.0566
"president","christian",0.0235
"conservative","christian",0.1619
"husband","christian",0.0997
"father","christian",0.0894
"writer","mother",0.0265
"owner","mother",0.0241
"family","mother",0.0266
"country","mother",0.0238
"veteran","mother",0.0255
"🇺🇸","mother",0.025
"life","mother",0.0299
"human","mother",0.0253
"god","mother",0.0361
"lover","mother",0.0642
"great","mother",0.0242
"retire","mother",0.0335
"love","mother",0.0488
"year","mother",0.0216
"woman","mother",0.0493
"proud","mother",0.0574
"american","mother",0.0262
"feminist","mother",0.0289
"conservative","mother",0.042
"advocate","mother",0.03
"christian","mother",0.0472
"equality","freedom",0.0426
"family","freedom",0.0444
"country","freedom",0.0387
"usa","freedom",0.0245
"veteran","freedom",0.0213
"🇺🇸","freedom",0.0461
"life","freedom",0.0245
"human","freedom",0.026
"god","freedom",0.0432
"pro","freedom",0.0423
"lover","freedom",0.036
"free","freedom",0.0528
"love","freedom",0.0474
"proud","freedom",0.0215
"american","freedom",0.0462
"#maga","freedom",0.0243
"conservative","freedom",0.0522
"advocate","freedom",0.0244
"christian","freedom",0.0224
"live","texas",0.0216
"proud","texas",0.0212
"conservative","texas",0.025
"family","support",0.0255
"country","support",0.0282
"veteran","support",0.0231
"🇺🇸","support",0.0257
"independent","support",0.0246
"free","support",0.0232
"love","support",0.0334
"work","support",0.0252
"woman","support",0.0292
"proud","support",0.0249
"american","support",0.0249
"#maga","support",0.0275
"follow","support",0.0225
"president","support",0.0397
"conservative","support",0.059
"freedom","support",0.0244
"nerd","junkie",0.0323
"writer","junkie",0.0211
"fan","junkie",0.034
"mom","junkie",0.0342
"lover","junkie",0.0522
"proud","junkie",0.0238
"history","junkie",0.0201
"politics","junkie",0.0315
"husband","junkie",0.0227
"father","junkie",0.0241
"owner","small",0.14
"world","small",0.0225
"great","small",0.0203
"conservative","small",0.0261
"father","small",0.0209
"fan","state",0.0279
"country","state",0.0231
"veteran","state",0.0236
"great","state",0.025
"retire","state",0.0223
"love","state",0.0207
"live","state",0.0242
"proud","state",0.027
"president","state",0.0364
"conservative","state",0.0332
"husband","state",0.0228
"father","state",0.0211
"texas","state",0.0397
"queer","pronoun",0.0242
"trans","pronoun",0.022
"fuck","pronoun",0.0379
"conservative","pronoun",0.0227
"writer","activist",0.0479
"equality","activist",0.0211
"mom","activist",0.0261
"human","activist",0.0584
"lover","activist",0.0261
"social","activist",0.0674
"labor","activist",0.0215
"proud","activist",0.0211
"feminist","activist",0.049
"advocate","activist",0.0426
"mother","activist",0.0266
"writer","thinker",0.0321
"independent","thinker",0.1227
"lover","thinker",0.0344
"free","thinker",0.1238
"conservative","thinker",0.0223
"father","thinker",0.0219
"equality","believer",0.0317
"mom","believer",0.0265
"god","believer",0.0303
"lover","believer",0.0371
"proud","believer",0.0233
"conservative","believer",0.0231
"husband","believer",0.04
"father","believer",0.0386
"mother","believer",0.0248
"freedom","believer",0.0236
"lover","hater",0.0472
"conservative","hater",0.0238
"country","🇺🇲",0.0211
"🇺🇸","🇺🇲",0.0217
"american","🇺🇲",0.0283
"#maga","🇺🇲",0.0266
"conservative","🇺🇲",0.0369
"writer","dog",0.0236
"fan","dog",0.0352
"owner","dog",0.0467
"family","dog",0.0395
"country","dog",0.0201
"life","dog",0.0274
"mom","dog",0.1287
"human","dog",0.0289
"lover","dog",0.1343
"retire","dog",0.0295
"love","dog",0.076
"live","dog",0.0222
"proud","dog",0.0345
"conservative","dog",0.0316
"politics","dog",0.0253
"advocate","dog",0.0214
"husband","dog",0.0412
"father","dog",0.0245
"mother","dog",0.0321
"junkie","dog",0.0246
"black","liberal",0.0249
"queer","liberal",0.0265
"nerd","liberal",0.0251
"writer","liberal",0.0262
"equality","liberal",0.033
"fan","liberal",0.038
"family","liberal",0.0224
"country","liberal",0.0363
"matter","liberal",0.0269
"veteran","liberal",0.0356
"🇺🇸","liberal",0.0346
"life","liberal",0.0282
"mom","liberal",0.0545
"independent","liberal",0.0345
"human","liberal",0.0296
"world","liberal",0.0244
"pro","liberal",0.039
"lover","liberal",0.053
"social","liberal",0.0463
"radical","liberal",0.0473
"free","liberal",0.0265
"labor","liberal",0.0339
"retire","liberal",0.0486
"love","liberal",0.0453
"year","liberal",0.0251
"work","liberal",0.0259
"live","liberal",0.0278
"trans","liberal",0.027
"woman","liberal",0.0295
"proud","liberal",0.1016
"american","liberal",0.0444
"fuck","liberal",0.0261
"#maga","liberal",0.0214
"follow","liberal",0.0257
"president","liberal",0.0487
"af","liberal",0.0242
"feminist","liberal",0.0654
"conservative","liberal",0.1237
"history","liberal",0.0267
"politics","liberal",0.0499
"leave","liberal",0.0465
"advocate","liberal",0.0292
"husband","liberal",0.0299
"father","liberal",0.0301
"white","liberal",0.0245
"christian","liberal",0.0322
"mother","liberal",0.0372
"freedom","liberal",0.024
"support","liberal",0.0366
"junkie","liberal",0.0295
"state","liberal",0.0307
"pronoun","liberal",0.0223
"activist","liberal",0.0414
"thinker","liberal",0.0216
"dog","liberal",0.0466
"lover","atheist",0.0252
"feminist","atheist",0.0519
"conservative","atheist",0.0201
"liberal","atheist",0.0823
"queer","cat",0.0226
"nerd","cat",0.0256
"writer","cat",0.0278
"fan","cat",0.0287
"owner","cat",0.0259
"mom","cat",0.0851
"human","cat",0.0246
"lover","cat",0.0766
"love","cat",0.0519
"proud","cat",0.0232
"feminist","cat",0.0238
"politics","cat",0.0227
"mother","cat",0.0257
"dog","cat",0.0968
"liberal","cat",0.0367
"🇺🇸","🇺🇦",0.0454
"proud","🇺🇦",0.0209
"support","🇺🇦",0.0211
"liberal","🇺🇦",0.0347
"life","choice",0.025
"pro","choice",0.1313
"american","choice",0.0203
"freedom","choice",0.0399
"liberal","choice",0.0272
"family","bless",0.0346
"country","bless",0.0273
"usa","bless",0.0506
"🇺🇸","bless",0.0465
"life","bless",0.0281
"god","bless",0.1868
"great","bless",0.0227
"love","bless",0.0335
"proud","bless",0.0242
"american","bless",0.0246
"#maga","bless",0.0221
"president","bless",0.0209
"conservative","bless",0.0334
"husband","bless",0.0241
"father","bless",0.0236
"christian","bless",0.0233
"mother","bless",0.0218
"equality","animal",0.0249
"fan","animal",0.0252
"family","animal",0.0299
"country","animal",0.021
"life","animal",0.0242
"mom","animal",0.0468
"human","animal",0.0516
"lover","animal",0.2049
"retire","animal",0.024
"love","animal",0.0849
"proud","animal",0.0328
"conservative","animal",0.0353
"history","animal",0.0206
"politics","animal",0.028
"advocate","animal",0.0512
"mother","animal",0.0349
"activist","animal",0.0422
"dog","animal",0.0427
"liberal","animal",0.0541
"atheist","animal",0.0245
"cat","animal",0.0351
"equality","justice",0.1073
"matter","justice",0.0221
"human","justice",0.0399
"lover","justice",0.0234
"social","justice",0.1807
"love","justice",0.0261
"work","justice",0.0208
"american","justice",0.0304
"politics","justice",0.0251
"advocate","justice",0.0606
"freedom","justice",0.0421
"activist","justice",0.0427
"believer","justice",0.0311
"liberal","justice",0.0311
"animal","justice",0.0205
"mom","#blm",0.0394
"lover","#blm",0.026
"love","#blm",0.0225
"proud","#blm",0.0271
"feminist","#blm",0.0247
"activist","#blm",0.0212
"dog","#blm",0.0235
"liberal","#blm",0.0574
"atheist","#blm",0.0238
"cat","#blm",0.0217
"🇺🇦","#blm",0.0503
"animal","#blm",0.0278
"justice","#blm",0.0215
"mom","#resist",0.0455
"lover","#resist",0.0313
"retire","#resist",0.0263
"love","#resist",0.0234
"proud","#resist",0.0361
"conservative","#resist",0.0361
"mother","#resist",0.0239
"dog","#resist",0.0293
"liberal","#resist",0.0625
"🇺🇦","#resist",0.0435
"animal","#resist",0.0406
"#blm","#resist",0.1844
"writer","teacher",0.0533
"fan","teacher",0.0249
"mom","teacher",0.0531
"lover","teacher",0.0388
"social","teacher",0.024
"retire","teacher",0.0779
"love","teacher",0.0239
"year","teacher",0.0261
"proud","teacher",0.0247
"history","teacher",0.0524
"advocate","teacher",0.0265
"husband","teacher",0.0527
"father","teacher",0.0481
"christian","teacher",0.0238
"mother","teacher",0.0458
"activist","teacher",0.0238
"dog","teacher",0.0224
"liberal","teacher",0.0285
"writer","wife",0.0249
"fan","wife",0.0316
"owner","wife",0.0337
"family","wife",0.0429
"country","wife",0.0315
"army","wife",0.0278
"veteran","wife",0.0314
"🇺🇸","wife",0.0368
"life","wife",0.0396
"mom","wife",0.2953
"human","wife",0.0216
"god","wife",0.0451
"lover","wife",0.0704
"great","wife",0.0326
"retire","wife",0.041
"love","wife",0.0757
"year","wife",0.026
"work","wife",0.0208
"live","wife",0.0243
"woman","wife",0.0329
"proud","wife",0.0663
"american","wife",0.0315
"#maga","wife",0.0235
"conservative","wife",0.0512
"advocate","wife",0.0319
"husband","wife",0.0383
"father","wife",0.0255
"christian","wife",0.0616
"mother","wife",0.2967
"junkie","wife",0.0217
"believer","wife",0.0289
"dog","wife",0.0646
"liberal","wife",0.0389
"cat","wife",0.0321
"bless","wife",0.0314
"animal","wife",0.0359
"#blm","wife",0.0233
"#resist","wife",0.0287
"teacher","wife",0.0529
"nerd","political",0.024
"writer","political",0.0267
"fan","political",0.0258
"independent","political",0.0328
"human","political",0.0203
"lover","political",0.0294
"social","political",0.0495
"proud","political",0.0249
"american","political",0.0229
"conservative","political",0.0337
"history","political",0.0331
"politics","political",0.0347
"advocate","political",0.0274
"father","political",0.0216
"junkie","political",0.1758
"activist","political",0.07
"thinker","political",0.0211
"liberal","political",0.0472
"animal","political",0.0205
"writer","member",0.0252
"fan","member",0.0296
"family","member",0.0239
"life","member",0.0201
"social","member",0.0209
"labor","member",0.0832
"retire","member",0.0206
"proud","member",0.0933
"president","member",0.0219
"conservative","member",0.0306
"advocate","member",0.0201
"husband","member",0.0258
"father","member",0.0252
"state","member",0.0209
"activist","member",0.0236
"liberal","member",0.034
"family","america",0.0392
"country","america",0.0496
"usa","america",0.0238
"veteran","america",0.0277
"🇺🇸","america",0.1031
"god","america",0.0884
"pro","america",0.0318
"great","america",0.0621
"free","america",0.0237
"love","america",0.0561
"proud","america",0.0317
"american","america",0.0571
"#maga","america",0.0537
"president","america",0.0471
"conservative","america",0.1054
"christian","america",0.0377
"freedom","america",0.0473
"support","america",0.0267
"state","america",0.0424
"🇺🇲","america",0.0255
"liberal","america",0.044
"bless","america",0.1098
"black","gay",0.0221
"queer","gay",0.0278
"trans","gay",0.0451
"af","gay",0.0328
"liberal","gay",0.0281
"family","law",0.0222
"human","law",0.0243
"conservative","law",0.0236
"history","law",0.0202
"politics","law",0.0348
"advocate","law",0.0221
"justice","law",0.0388
"political","law",0.0216
"family","jesus",0.0494
"country","jesus",0.0248
"🇺🇸","jesus",0.026
"life","jesus",0.0313
"mom","jesus",0.0259
"god","jesus",0.0769
"lover","jesus",0.0361
"love","jesus",0.0857
"#maga","jesus",0.0227
"follow","jesus",0.0224
"conservative","jesus",0.0428
"husband","jesus",0.0579
"father","jesus",0.0481
"christian","jesus",0.0489
"mother","jesus",0.0231
"believer","jesus",0.0395
"bless","jesus",0.032
"wife","jesus",0.0508
"america","jesus",0.0254
"proud","block",0.0245
"#maga","block",0.0201
"follow","block",0.0413
"conservative","block",0.0424
"liberal","block",0.0459
"#blm","block",0.0237
"#resist","block",0.0374
"country","#2a",0.024
"veteran","#2a",0.0234
"🇺🇸","#2a",0.0785
"god","#2a",0.0278
"proud","#2a",0.0204
"american","#2a",0.0261
"#maga","#2a",0.2088
"conservative","#2a",0.0531
"christian","#2a",0.0277
"freedom","#2a",0.0209
"america","#2a",0.0254
"black","people",0.0258
"family","people",0.0236
"country","people",0.0286
"matter","people",0.023
"life","people",0.0462
"world","people",0.0422
"god","people",0.0315
"lover","people",0.0273
"social","people",0.0202
"great","people",0.0313
"free","people",0.0254
"love","people",0.0821
"work","people",0.0362
"live","people",0.0362
"american","people",0.0208
"follow","people",0.0368
"conservative","people",0.0261
"politics","people",0.025
"white","people",0.0208
"freedom","people",0.0248
"support","people",0.0302
"dog","people",0.0252
"liberal","people",0.0306
"animal","people",0.0412
"block","people",0.0337
"mom","dem",0.0268
"proud","dem",0.0291
"conservative","dem",0.027
"liberal","dem",0.0431
"#blm","dem",0.0263
"#resist","dem",0.0285
"equality","democracy",0.0412
"country","democracy",0.0208
"human","democracy",0.0279
"pro","democracy",0.0398
"lover","democracy",0.0215
"social","democracy",0.0233
"free","democracy",0.0206
"love","democracy",0.021
"proud","democracy",0.0217
"american","democracy",0.0278
"conservative","democracy",0.0345
"freedom","democracy",0.0418
"support","democracy",0.0279
"believer","democracy",0.0307
"liberal","democracy",0.0499
"🇺🇦","democracy",0.0285
"animal","democracy",0.0232
"justice","democracy",0.0397
"#blm","democracy",0.0219
"#resist","democracy",0.0316
"political","democracy",0.0206
"america","democracy",0.0232
"law","democracy",0.0235
"people","democracy",0.0204
"fan","marry",0.0235
"family","marry",0.0278
"country","marry",0.0226
"army","marry",0.0224
"veteran","marry",0.0265
"🇺🇸","marry",0.0305
"life","marry",0.0325
"mom","marry",0.0448
"god","marry",0.0254
"lover","marry",0.0236
"great","marry",0.0247
"retire","marry",0.0553
"love","marry",0.0508
"year","marry",0.0712
"woman","marry",0.0303
"proud","marry",0.0368
"#maga","marry",0.0362
"conservative","marry",0.0555
"father","marry",0.0528
"christian","marry",0.0449
"mother","marry",0.0382
"dog","marry",0.0326
"liberal","marry",0.0321
"cat","marry",0.0238
"animal","marry",0.0232
"#resist","marry",0.0212
"wife","marry",0.0242
"jesus","marry",0.0269
"#2a","marry",0.0201
"nerd","dad",0.032
"writer","dad",0.0281
"fan","dad",0.0603
"owner","dad",0.0306
"army","dad",0.022
"veteran","dad",0.0317
"life","dad",0.0229
"lover","dad",0.034
"great","dad",0.0212
"retire","dad",0.0239
"love","dad",0.0297
"year","dad",0.0208
"work","dad",0.0212
"proud","dad",0.0786
"american","dad",0.0201
"conservative","dad",0.0265
"husband","dad",0.2783
"christian","dad",0.0334
"junkie","dad",0.0202
"dog","dad",0.0663
"liberal","dad",0.0289
"cat","dad",0.0508
"teacher","dad",0.0306
"marry","dad",0.0281
"fan","supporter",0.0325
"country","supporter",0.0231
"veteran","supporter",0.0289
"🇺🇸","supporter",0.0366
"mom","supporter",0.0202
"god","supporter",0.0205
"pro","supporter",0.0212
"lover","supporter",0.032
"labor","supporter",0.0385
"retire","supporter",0.026
"love","supporter",0.027
"proud","supporter",0.0775
"american","supporter",0.0338
"#maga","supporter",0.0489
"president","supporter",0.0313
"conservative","supporter",0.1419
"husband","supporter",0.0238
"father","supporter",0.0295
"christian","supporter",0.0341
"mother","supporter",0.0202
"freedom","supporter",0.0225
"liberal","supporter",0.0531
"animal","supporter",0.0235
"wife","supporter",0.0224
"member","supporter",0.032
"america","supporter",0.025
"block","supporter",0.0202
"democracy","supporter",0.0202
"marry","supporter",0.0218
"mom","#fbr",0.0229
"proud","#fbr",0.023
"conservative","#fbr",0.0239
"liberal","#fbr",0.0406
"🇺🇦","#fbr",0.0261
"animal","#fbr",0.0207
"#blm","#fbr",0.1354
"#resist","#fbr",0.2318
"block","#fbr",0.027
"democracy","#fbr",0.0217
"nerd","science",0.0312
"writer","science",0.0224
"equality","science",0.0209
"human","science",0.0257
"pro","science",0.0227
"lover","science",0.0307
"social","science",0.0373
"love","science",0.0281
"history","science",0.0635
"politics","science",0.068
"believer","science",0.034
"liberal","science",0.0297
"atheist","science",0.0336
"animal","science",0.0285
"teacher","science",0.0362
"political","science",0.0881
"democracy","science",0.0229
"conservative","lie",0.0276
"liberal","lie",0.0215
"people","lie",0.0229
"lover","vegan",0.0212
"feminist","vegan",0.0282
"activist","vegan",0.024
"liberal","vegan",0.0254
"atheist","vegan",0.0283
"animal","vegan",0.0649
"love","strong",0.0212
"woman","strong",0.0381
"conservative","strong",0.0257
"believer","strong",0.0403
"supporter","strong",0.0269
"god","true",0.0221
"love","true",0.0282
"american","true",0.0241
"conservative","true",0.022
"believer","true",0.028
"feminist","humanist",0.0329
"liberal","humanist",0.0458
"atheist","humanist",0.0968
"science","humanist",0.0244
"queer","blm",0.0291
"equality","blm",0.021
"mom","blm",0.0215
"human","blm",0.0226
"pro","blm",0.0259
"love","blm",0.0221
"trans","blm",0.07
"fuck","blm",0.0254
"feminist","blm",0.033
"white","blm",0.0227
"support","blm",0.0209
"liberal","blm",0.0616
"atheist","blm",0.0207
"🇺🇦","blm",0.0263
"choice","blm",0.0266
"animal","blm",0.023
"gay","blm",0.0236
"dem","blm",0.0203
"country","grandmother",0.0224
"mom","grandmother",0.0392
"lover","grandmother",0.0256
"great","grandmother",0.0416
"retire","grandmother",0.0532
"love","grandmother",0.029
"proud","grandmother",0.0355
"conservative","grandmother",0.0348
"christian","grandmother",0.0348
"mother","grandmother",0.2799
"liberal","grandmother",0.0309
"animal","grandmother",0.0229
"wife","grandmother",0.1257
"marry","grandmother",0.0229
"equality","fight",0.0277
"country","fight",0.0272
"world","fight",0.0201
"love","fight",0.024
"win","fight",0.0243
"proud","fight",0.0217
"american","fight",0.023
"conservative","fight",0.0278
"freedom","fight",0.0516
"liberal","fight",0.0357
"justice","fight",0.0446
"#resist","fight",0.0209
"america","fight",0.0274
"people","fight",0.0203
"democracy","fight",0.0549
"liberal","#blacklivesmatter",0.0261
"🇺🇦","#blacklivesmatter",0.0207
"#resist","#blacklivesmatter",0.0483
"#fbr","#blacklivesmatter",0.0252
"independent","politically",0.0515
"conservative","politically",0.027
"leave","politically",0.0262
"liberal","politically",0.0273
"mom","texan",0.021
"proud","texan",0.0444
"american","texan",0.0336
"conservative","texan",0.035
"husband","texan",0.0206
"father","texan",0.0204
"christian","texan",0.0314
"texas","texan",0.0439
"wife","texan",0.02
"country","hate",0.0237
"love","hate",0.0976
"proud","hate",0.0202
"fuck","hate",0.0221
"conservative","hate",0.0414
"politics","hate",0.023
"hater","hate",0.0212
"liberal","hate",0.0375
"animal","hate",0.0293
"block","hate",0.0214
"people","hate",0.0419
"lie","hate",0.0298
"blm","hate",0.0204
"mom","ally",0.0405
"lover","ally",0.0213
"trans","ally",0.0345
"proud","ally",0.0229
"feminist","ally",0.0459
"advocate","ally",0.0243
"liberal","ally",0.0451
"atheist","ally",0.0313
"🇺🇦","ally",0.0277
"animal","ally",0.0213
"#blm","ally",0.0728
"#resist","ally",0.0362
"wife","ally",0.025
"dem","ally",0.0248
"#fbr","ally",0.0267
"humanist","ally",0.0207
"blm","ally",0.0857
"#blacklivesmatter","ally",0.026
"world","sense",0.0274
"love","sense",0.0202
"conservative","sense",0.0285
"country","stand",0.0349
"🇺🇸","stand",0.0263
"god","stand",0.0297
"love","stand",0.0269
"proud","stand",0.0239
"american","stand",0.025
"president","stand",0.022
"conservative","stand",0.0383
"freedom","stand",0.039
"liberal","stand",0.0259
"🇺🇦","stand",0.0463
"justice","stand",0.026
"america","stand",0.0295
"people","stand",0.0266
"democracy","stand",0.026
"strong","stand",0.0241
"fight","stand",0.0254
"liberal","democratic",0.089
"member","democratic",0.021
"black","lgbtq",0.0217
"equality","lgbtq",0.028
"matter","lgbtq",0.0304
"mom","lgbtq",0.0258
"pro","lgbtq",0.0318
"woman","lgbtq",0.0206
"proud","lgbtq",0.0207
"feminist","lgbtq",0.0294
"advocate","lgbtq",0.0251
"support","lgbtq",0.0298
"activist","lgbtq",0.0228
"liberal","lgbtq",0.0478
"atheist","lgbtq",0.0253
"choice","lgbtq",0.0276
"animal","lgbtq",0.0233
"#blm","lgbtq",0.0253
"#resist","lgbtq",0.0211
"supporter","lgbtq",0.0318
"blm","lgbtq",0.1263
"ally","lgbtq",0.2035
"support","ukraine",0.0477
"liberal","ukraine",0.0258
"🇺🇦","ukraine",0.1508
"democracy","ukraine",0.0318
"blm","ukraine",0.024
"stand","ukraine",0.1436
"fan","blue",0.0329
"country","blue",0.0245
"matter","blue",0.0345
"veteran","blue",0.0226
"🇺🇸","blue",0.0291
"life","blue",0.0212
"mom","blue",0.0324
"lover","blue",0.0275
"retire","blue",0.0282
"love","blue",0.0342
"live","blue",0.0268
"proud","blue",0.0328
"american","blue",0.021
"conservative","blue",0.0484
"white","blue",0.03
"texas","blue",0.0202
"support","blue",0.0203
"state","blue",0.0614
"dog","blue",0.0281
"liberal","blue",0.0544
"🇺🇦","blue",0.0224
"animal","blue",0.0296
"#blm","blue",0.0227
"#resist","blue",0.0367
"wife","blue",0.023
"america","blue",0.0249
"block","blue",0.0221
"dem","blue",0.0243
"democracy","blue",0.04
"marry","blue",0.02
"supporter","blue",0.021
"true","blue",0.0384
"blm","blue",0.0269
"lgbtq","blue",0.02
"ukraine","blue",0.0204
"pro","anti",0.1347
"free","anti",0.0215
"conservative","anti",0.0403
"freedom","anti",0.0211
"liberal","anti",0.0485
"choice","anti",0.0262
"blm","anti",0.0202
"country","government",0.0265
"free","government",0.0237
"work","government",0.0203
"conservative","government",0.0379
"politics","government",0.0581
"freedom","government",0.0399
"small","government",0.0492
"state","government",0.0296
"liberal","government",0.0217
"political","government",0.0204
"people","government",0.0463
"veteran","police",0.0221
"pro","police",0.0271
"retire","police",0.022
"conservative","police",0.0272
"support","police",0.0283
"president","joe",0.0531
"liberal","joe",0.0678
"family","military",0.0398
"country","military",0.0316
"usa","military",0.0239
"army","military",0.0266
"veteran","military",0.0654
"🇺🇸","military",0.0427
"mom","military",0.0256
"god","military",0.0294
"pro","military",0.0366
"retire","military",0.0326
"love","military",0.0261
"year","military",0.0205
"proud","military",0.0313
"american","military",0.0302
"#maga","military",0.0308
"conservative","military",0.0541
"history","military",0.0378
"christian","military",0.0258
"support","military",0.0465
"bless","military",0.0206
"wife","military",0.0427
"america","military",0.0316
"law","military",0.0269
"supporter","military",0.0335
"blue","military",0.0216
"police","military",0.0827
"country","dm's",0.0205
"mom","dm's",0.0209
"retire","dm's",0.0219
"love","dm's",0.0224
"#maga","dm's",0.0237
"conservative","dm's",0.0379
"liberal","dm's",0.0307
"animal","dm's",0.0216
"#blm","dm's",0.0262
"#resist","dm's",0.0407
"block","dm's",0.0435
"marry","dm's",0.036
"#fbr","dm's",0.0278
"blue","dm's",0.0233
"family","vet",0.0241
"country","vet",0.0328
"army","vet",0.1795
"🇺🇸","vet",0.0423
"mom","vet",0.0243
"god","vet",0.0241
"retire","vet",0.0534
"love","vet",0.0237
"year","vet",0.0298
"proud","vet",0.039
"american","vet",0.0289
"#maga","vet",0.0348
"af","vet",0.0278
"conservative","vet",0.0544
"husband","vet",0.0386
"father","vet",0.046
"christian","vet",0.0294
"liberal","vet",0.0294
"#resist","vet",0.0249
"wife","vet",0.0279
"america","vet",0.0243
"#2a","vet",0.0252
"marry","vet",0.034
"dad","vet",0.0321
"blue","vet",0.0215
"military","vet",0.0422
"fan","red",0.0415
"lover","red",0.021
"love","red",0.0261
"proud","red",0.0214
"conservative","red",0.0233
"white","red",0.0327
"state","red",0.0824
"liberal","red",0.0289
"blue","red",0.1492
"equality","truth",0.0228
"family","truth",0.0228
"country","truth",0.0234
"matter","truth",0.0457
"🇺🇸","truth",0.0316
"life","truth",0.0249
"world","truth",0.0258
"god","truth",0.0421
"lover","truth",0.0298
"social","truth",0.0308
"free","truth",0.0409
"love","truth",0.0382
"american","truth",0.0364
"#maga","truth",0.0221
"conservative","truth",0.0372
"christian","truth",0.0248
"freedom","truth",0.0552
"thinker","truth",0.0241
"believer","truth",0.0309
"liberal","truth",0.0234
"justice","truth",0.0868
"america","truth",0.0238
"jesus","truth",0.0355
"people","truth",0.0296
"democracy","truth",0.0275
"science","truth",0.021
"lie","truth",0.1111
"fight","truth",0.0278
"hate","truth",0.0255
"stand","truth",0.0374
"family","christ",0.0261
"life","christ",0.0222
"god","christ",0.0571
"lover","christ",0.0276
"love","christ",0.0349
"conservative","christ",0.0285
"husband","christ",0.0721
"father","christ",0.059
"christian","christ",0.0344
"believer","christ",0.0558
"bless","christ",0.0215
"wife","christ",0.0367
"jesus","christ",0.2981
"dad","christ",0.0219
"truth","christ",0.0221
"country","save",0.0283
"life","save",0.0426
"world","save",0.0393
"god","save",0.04
"love","save",0.0217
"conservative","save",0.0303
"liberal","save",0.0241
"animal","save",0.0215
"america","save",0.0498
"jesus","save",0.0606
"democracy","save",0.0778
"fight","save",0.0227
"blue","save",0.0317
"christ","save",0.0392
"country","party",0.0456
"independent","party",0.0357
"labor","party",0.1151
"american","party",0.0205
"conservative","party",0.0721
"politics","party",0.0224
"leave","party",0.0268
"support","party",0.0239
"liberal","party",0.054
"political","party",0.0784
"member","party",0.064
"people","party",0.0252
"supporter","party",0.0229
"democratic","party",0.0948
"liberal","wake",0.0249
"anti","wake",0.0393
"fan","patriot",0.0216
"family","patriot",0.0411
"country","patriot",0.0685
"usa","patriot",0.0402
"army","patriot",0.0276
"veteran","patriot",0.0641
"🇺🇸","patriot",0.1251
"mom","patriot",0.0327
"god","patriot",0.0654
"pro","patriot",0.0275
"lover","patriot",0.0263
"great","patriot",0.0205
"free","patriot",0.0211
"retire","patriot",0.0245
"love","patriot",0.0425
"proud","patriot",0.0596
"american","patriot",0.1195
"#maga","patriot",0.085
"follow","patriot",0.0294
"president","patriot",0.0294
"conservative","patriot",0.1222
"husband","patriot",0.0469
"father","patriot",0.0562
"christian","patriot",0.0867
"mother","patriot",0.0309
"freedom","patriot",0.0534
"support","patriot",0.0236
"believer","patriot",0.0208
"🇺🇲","patriot",0.0439
"liberal","patriot",0.0304
"bless","patriot",0.0264
"wife","patriot",0.0401
"america","patriot",0.0739
"jesus","patriot",0.0286
"#2a","patriot",0.0435
"marry","patriot",0.0293
"supporter","patriot",0.044
"true","patriot",0.0359
"grandmother","patriot",0.0257
"texan","patriot",0.0204
"stand","patriot",0.0217
"blue","patriot",0.0211
"military","patriot",0.0373
"dm's","patriot",0.0237
"vet","patriot",0.0422
"red","patriot",0.0353
"truth","patriot",0.0383
"christ","patriot",0.0233
"owner","gun",0.0474
"family","gun",0.0208
"country","gun",0.0264
"veteran","gun",0.0214
"🇺🇸","gun",0.0211
"god","gun",0.0405
"pro","gun",0.0637
"love","gun",0.0228
"proud","gun",0.0213
"american","gun",0.0256
"conservative","gun",0.0527
"christian","gun",0.0209
"freedom","gun",0.0226
"liberal","gun",0.029
"choice","gun",0.0218
"america","gun",0.0247
"law","gun",0.0241
"#2a","gun",0.0207
"sense","gun",0.0203
"patriot","gun",0.0262
"army","retired",0.0721
"veteran","retired",0.0388
"love","retired",0.0217
"year","retired",0.0292
"proud","retired",0.0252
"conservative","retired",0.0402
"husband","retired",0.0287
"father","retired",0.0295
"christian","retired",0.0205
"mother","retired",0.0201
"liberal","retired",0.032
"teacher","retired",0.0293
"wife","retired",0.023
"marry","retired",0.0335
"grandmother","retired",0.0291
"police","retired",0.0383
"military","retired",0.0596
"vet","retired",0.0314
"fan","follower",0.0217
"lover","follower",0.0233
"follow","follower",0.0354
"conservative","follower",0.0281
"husband","follower",0.0674
"father","follower",0.0511
"wife","follower",0.0323
"jesus","follower",0.1685
"block","follower",0.0254
"dad","follower",0.0243
"christ","follower",0.2809
"patriot","follower",0.0214
"equality","liberty",0.0308
"🇺🇸","liberty",0.0221
"life","liberty",0.0353
"god","liberty",0.0254
"pro","liberty",0.0202
"free","liberty",0.0313
"american","liberty",0.0253
"conservative","liberty",0.0309
"freedom","liberty",0.0869
"justice","liberty",0.0566
"america","liberty",0.0232
"government","liberty",0.0376
"truth","liberty",0.0259
"patriot","liberty",0.0234
"lover","worker",0.0215
"social","worker",0.1214
"retire","worker",0.026
"proud","worker",0.0211
"advocate","worker",0.0231
"support","worker",0.0229
"liberal","worker",0.0278
"conservative","suck",0.0228
"army","navy",0.0288
"veteran","navy",0.1678
"🇺🇸","navy",0.0239
"mom","navy",0.0241
"retire","navy",0.0843
"year","navy",0.025
"proud","navy",0.034
"american","navy",0.0207
"#maga","navy",0.0213
"conservative","navy",0.0389
"husband","navy",0.0276
"father","navy",0.032
"wife","navy",0.0252
"marry","navy",0.0219
"dad","navy",0.0215
"vet","navy",0.1917
"patriot","navy",0.0272
"retired","navy",0.0306
"pro","union",0.0201
"labor","union",0.0495
"retire","union",0.0258
"proud","union",0.0291
"activist","union",0.0246
"liberal","union",0.036
"teacher","union",0.0218
"member","union",0.0623
"worker","union",0.0503
"family","maga",0.0321
"country","maga",0.0523
"usa","maga",0.0307
"army","maga",0.0233
"veteran","maga",0.0327
"🇺🇸","maga",0.12
"mom","maga",0.0216
"god","maga",0.0483
"pro","maga",0.0369
"retire","maga",0.0291
"love","maga",0.0343
"win","maga",0.0282
"proud","maga",0.0433
"american","maga",0.0462
"president","maga",0.0422
"conservative","maga",0.1664
"father","maga",0.0204
"christian","maga",0.0556
"freedom","maga",0.0293
"support","maga",0.0229
"🇺🇲","maga",0.0328
"liberal","maga",0.0381
"bless","maga",0.021
"wife","maga",0.0267
"america","maga",0.0725
"jesus","maga",0.0274
"block","maga",0.0394
"marry","maga",0.0368
"supporter","maga",0.0535
"blue","maga",0.0323
"military","maga",0.0323
"dm's","maga",0.0376
"vet","maga",0.0386
"truth","maga",0.0242
"patriot","maga",0.1096
"gun","maga",0.0213
"navy","maga",0.0225
"veteran","usaf",0.1208
"🇺🇸","usaf",0.026
"retire","usaf",0.0737
"conservative","usaf",0.0269
"husband","usaf",0.0235
"father","usaf",0.025
"vet","usaf",0.1526
"patriot","usaf",0.0231
"retired","usaf",0.0276
"pro","speech",0.0357
"free","speech",0.2767
"conservative","speech",0.0323
"advocate","speech",0.0379
"freedom","speech",0.1618
"support","speech",0.0206
"liberal","speech",0.0202
"democracy","speech",0.026
"hate","speech",0.0429
"anti","speech",0.0293
"liberty","speech",0.0313
"conservative","list",0.0207
"liberal","list",0.0319
"#blm","list",0.0266
"#resist","list",0.0377
"block","list",0.0753
"#fbr","list",0.0258
"blue","list",0.0207
"dm's","list",0.0406
"army","grandfather",0.0208
"veteran","grandfather",0.0416
"great","grandfather",0.0312
"retire","grandfather",0.0528
"proud","grandfather",0.0392
"conservative","grandfather",0.0356
"husband","grandfather",0.1461
"father","grandfather",0.2061
"christian","grandfather",0.0402
"marry","grandfather",0.0254
"vet","grandfather",0.0304
"patriot","grandfather",0.0248
"retired","grandfather",0.0425
"navy","grandfather",0.0204
"usaf","grandfather",0.0205
"mom","married",0.0275
"retire","married",0.0215
"love","married",0.0249
"year","married",0.023
"conservative","married",0.0269
"christian","married",0.0248
"country","vote",0.0254
"matter","vote",0.0355
"🇺🇸","vote",0.0207
"mom","vote",0.0244
"independent","vote",0.0235
"labor","vote",0.0246
"retire","vote",0.023
"love","vote",0.0231
"woman","vote",0.0206
"proud","vote",0.0249
"american","vote",0.0216
"conservative","vote",0.0794
"leave","vote",0.0208
"support","vote",0.0202
"liberal","vote",0.0786
"🇺🇦","vote",0.0249
"choice","vote",0.0234
"animal","vote",0.0244
"#blm","vote",0.0218
"#resist","vote",0.0329
"america","vote",0.0261
"block","vote",0.0213
"people","vote",0.0231
"dem","vote",0.0382
"democracy","vote",0.0777
"#fbr","vote",0.022
"blm","vote",0.0273
"democratic","vote",0.0265
"lgbtq","vote",0.0225
"ukraine","vote",0.0226
"blue","vote",0.2107
"red","vote",0.0288
"save","vote",0.0442
"party","vote",0.0391
"gun","vote",0.0208
"maga","vote",0.0243
"list","vote",0.0211
"mom","catholic",0.022
"american","catholic",0.0228
"conservative","catholic",0.0542
"husband","catholic",0.0367
"father","catholic",0.0347
"mother","catholic",0.0227
"wife","catholic",0.0281
"marry","catholic",0.0206
"patriot","catholic",0.0223
"family","constitution",0.029
"country","constitution",0.0498
"usa","constitution",0.0296
"veteran","constitution",0.0334
"🇺🇸","constitution",0.0418
"god","constitution",0.0446
"pro","constitution",0.0386
"love","constitution",0.029
"proud","constitution",0.0202
"american","constitution",0.0512
"#maga","constitution",0.0371
"conservative","constitution",0.0639
"christian","constitution",0.0311
"freedom","constitution",0.057
"support","constitution",0.0402
"state","constitution",0.0251
"believer","constitution",0.0307
"america","constitution",0.0614
"law","constitution",0.0428
"#2a","constitution",0.0247
"democracy","constitution",0.0245
"supporter","constitution",0.0349
"stand","constitution",0.0229
"government","constitution",0.0297
"military","constitution",0.0357
"vet","constitution",0.0294
"truth","constitution",0.0222
"patriot","constitution",0.0581
"liberty","constitution",0.0462
"maga","constitution",0.0366
"conservative","common",0.0275
"sense","common",0.6
"truth","common",0.0206
"fan","lifelong",0.0494
"proud","lifelong",0.0224
"conservative","lifelong",0.0239
"liberal","lifelong",0.0581
"dem","lifelong",0.0452
"supporter","lifelong",0.0208
"independent","voter",0.1127
"labor","voter",0.0345
"conservative","voter",0.0378
"liberal","voter",0.0343
"dem","voter",0.0204
"democracy","voter",0.0277
"blue","voter",0.026
"party","voter",0.0252
"vote","voter",0.0376
"win","election",0.0297
"conservative","election",0.0331
"politics","election",0.0207
"liberal","election",0.0256
"political","election",0.0235
"democracy","election",0.0253
"vote","election",0.0573
"voter","election",0.0255
"fuck","racist",0.021
"conservative","racist",0.027
"white","racist",0.0347
"liberal","racist",0.0279
"block","racist",0.043
"hate","racist",0.0368
"anti","racist",0.0602
"🇺🇸","happily",0.024
"mom","happily",0.0284
"retire","happily",0.0558
"love","happily",0.0313
"year","happily",0.0315
"proud","happily",0.0303
"#maga","happily",0.029
"conservative","happily",0.0404
"father","happily",0.0223
"christian","happily",0.0291
"mother","happily",0.023
"liberal","happily",0.0216
"marry","happily",0.4277
"dm's","happily",0.0316
"patriot","happily",0.0226
"retired","happily",0.0207
"maga","happily",0.0289
"married","happily",0.05
"veteran","marine",0.0764
"🇺🇸","marine",0.0209
"retire","marine",0.0279
"proud","marine",0.0241
"conservative","marine",0.0263
"husband","marine",0.029
"father","marine",0.0376
"state","marine",0.0214
"dad","marine",0.0202
"vet","marine",0.0685
"patriot","marine",0.0256
"retired","marine",0.0362
"mom","grandma",0.1323
"lover","grandma",0.0216
"great","grandma",0.025
"retire","grandma",0.0424
"love","grandma",0.0271
"proud","grandma",0.0345
"conservative","grandma",0.0277
"mother","grandma",0.0527
"dog","grandma",0.0201
"liberal","grandma",0.0338
"animal","grandma",0.0203
"#resist","grandma",0.0273
"wife","grandma",0.0878
"marry","grandma",0.0202
"dm's","grandma",0.0223
"retired","grandma",0.0232
"mom","#voteblue",0.0297
"liberal","#voteblue",0.0365
"🇺🇦","#voteblue",0.0285
"animal","#voteblue",0.021
"#blm","#voteblue",0.1045
"#resist","#voteblue",0.1502
"block","#voteblue",0.0212
"democracy","#voteblue",0.0272
"#fbr","#voteblue",0.0806
"#blacklivesmatter","#voteblue",0.028
"ally","#voteblue",0.0217
"dm's","#voteblue",0.0204
"list","#voteblue",0.0223
