"term","lean","degree","x","y","pole"
"black",-0.0249,19,8.483,-7.487,false
"queer",-0.0265,12,13.749,-8.28,false
"nerd",-0.0251,17,9.614,-0.33,false
"writer",-0.0262,31,8.716,-2.312,false
"equality",-0.033,19,3.512,-9.537,false
"fan",-0.0051,43,4.298,-1.478,false
"owner",0.0279,15,3.753,3.846,false
"family",0.0586,48,0.556,-1.984,false
"country",0.0503,58,0.016,-3.488,false
"matter",-0.0269,13,7.012,-7.634,false
"usa",0.0495,18,-5.205,-2.821,false
"army",0.0368,23,-0.351,2.407,false
"veteran",0.031,44,-0.198,0.55,false
"🇺🇸",0.0851,51,-1.569,-2.815,false
"life",0.0067,48,2.776,-4.146,false
"mom",-0.0111,60,3.523,-2.999,false
"independent",0.0213,16,7.199,-4.619,false
"human",-0.0296,31,7.196,-5.827,false
"world",-0.0244,26,2.824,-1.76,false
"god",0.0727,48,-1.085,-2.898,false
"pro",0.0282,33,0.554,-6.815,false
"lover",-0.0172,66,3.934,-3.541,false
"social",-0.0463,21,8.105,-3.76,false
"radical",-0.0473,3,17.166,-7.342,false
"great",0.0356,32,0.451,0.249,false
"free",0.0059,25,0.787,-8.053,false
"labor",-0.0339,10,11.943,-4.113,false
"retire",0.0056,49,2.099,-0.022,false
"love",0.0225,86,1.625,-3.351,false
"win",0.0498,7,-6.72,-7.994,false
"year",0.0052,26,2.183,2.663,false
"work",-0.0259,25,5.302,-0.543,false
"live",-0.0032,28,5.083,-4.009,false
"trans",-0.027,16,10.626,-9.827,false
"woman",-0.0051,24,4.862,-7.329,false
"proud",-0.0053,88,2.687,-2.642,false
"american",0.0538,61,0.494,-2.863,false
"fuck",0.002,7,7.359,-15.983,false
"#maga",0.1295,37,-2.752,-2.281,false
"follow",0.0058,16,-3.435,-5.015,false
"president",0.0679,23,-2.221,-5.388,false
"af",-0.0242,6,15.319,-4.914,false
"feminist",-0.0654,25,10.458,-7.042,false
"conservative",0.1296,114,0.883,-3.635,true
"history",-0.0267,17,7.708,0.149,false
"politics",-0.0223,31,6.186,-2.902,false
"leave",-0.0146,10,11.567,-2.982,false
"advocate",-0.0292,30,5.896,-4.365,false
"husband",0.0224,47,1.647,0.953,false
"father",0.0273,53,1.628,0.418,false
"white",9e-04,11,8.087,-12.42,false
"christian",0.1296,47,-0.169,-0.839,false
"mother",0.0049,40,3.388,-1.242,false
"freedom",0.0282,40,-0.921,-6.186,false
"texas",0.025,6,6.642,5.809,false
"support",0.0224,34,0.783,-5.649,false
"junkie",-0.0295,15,8.261,1.354,false
"small",0.0261,6,3.397,7.534,false
"state",0.0025,21,3.653,-0.019,false
"pronoun",0.0227,5,11.724,-15.276,false
"activist",-0.0414,21,9.856,-4.843,false
"thinker",0.0223,9,6.064,-8.109,false
"believer",0.0231,21,-1.256,-4.856,false
"hater",0.0238,3,-6.954,-10.731,false
"🇺🇲",0.0369,8,-7.981,-1.961,false
"dog",-0.0151,32,5.094,-1.845,false
"liberal",-0.089,119,4.793,-6.323,true
"atheist",-0.0823,12,10.304,-10.856,false
"cat",-0.0367,20,7.161,-1.641,false
"🇺🇦",-0.0347,16,1.2,-11.941,false
"choice",-0.0272,10,-0.508,-11.248,false
"bless",0.0334,24,-3.833,-1.389,false
"animal",-0.0188,44,5.33,-5.712,false
"justice",-0.0311,22,3.744,-6.137,false
"#blm",-0.0574,26,4.864,-9.596,false
"#resist",-0.0265,29,3.313,-8.81,false
"teacher",-0.0285,23,6.263,0.859,false
"wife",0.0123,56,2.183,-1.445,false
"political",-0.0134,25,7.952,-2.592,false
"member",-0.0034,20,7.843,-1.268,false
"america",0.0614,39,-2.223,-3.922,false
"gay",-0.0281,6,15.987,-11.444,false
"law",0.0236,12,5.084,1.657,false
"jesus",0.0428,26,-2.63,-1.244,false
"block",-0.0035,19,-0.388,-9.764,false
"#2a",0.0531,16,-5.287,-1.115,false
"people",-0.0044,34,2.133,-6.166,false
"dem",-0.0162,12,5.762,-11.9,false
"democracy",-0.0154,39,1.995,-7.901,false
"marry",0.0234,43,0.663,-0.733,false
"dad",-0.0024,29,3.804,1.776,false
"supporter",0.0888,38,1.902,-4.475,false
"#fbr",-0.0167,16,3.739,-11.757,false
"science",-0.0297,19,8.47,-5.5,false
"lie",0.0276,5,-5.156,-10.197,false
"vegan",-0.0254,6,13.294,-9.54,false
"strong",0.0257,6,-4.247,-11.223,false
"true",0.022,7,-7.248,-4.754,false
"humanist",-0.0458,5,13.594,-12.599,false
"blm",-0.0616,25,6.603,-11.229,false
"grandmother",0.0039,16,3.139,1.502,false
"fight",-0.0079,18,-1.601,-8.56,false
"#blacklivesmatter",-0.0261,6,5.417,-17.44,false
"politically",-3e-04,4,14.393,-1.56,false
"texan",0.035,10,2.382,5.252,false
"hate",0.004,16,0.98,-10.064,false
"ally",-0.0451,20,7.381,-10.431,false
"sense",0.0285,5,-5.976,6.143,false
"stand",0.0124,21,-2.621,-8.499,false
"democratic",-0.089,4,12.957,-6.487,false
"lgbtq",-0.0478,22,6.177,-9.859,false
"ukraine",-0.0258,8,-1.341,-12.874,false
"blue",-0.006,45,2.642,-5.757,false
"anti",-0.0081,10,0.108,-13.277,false
"government",0.0379,13,2.697,0.309,false
"police",0.0272,7,-6.023,1.605,false
"joe",-0.0678,2,-3.294,-14.022,false
"military",0.0541,31,-1.334,-0.103,false
"dm's",0.0072,20,-0.234,-7.581,false
"vet",0.025,34,0.587,1.075,false
"red",-0.0056,11,6.104,-5.28,false
"truth",0.0372,36,-0.43,-5.744,false
"christ",0.0285,18,-3.078,-0.016,false
"save",0.0062,15,-2.322,-6.452,false
"party",0.0181,16,8.511,-4.647,false
"wake",-0.0249,2,0.977,-21.482,false
"patriot",0.0918,59,-1.121,-1.8,false
"gun",0.0236,22,-2.001,-1.039,false
"retired",0.0082,24,0.311,3.318,false
"follower",0.0281,12,-3.638,0.966,false
"liberty",0.0309,16,-3.437,-6.725,false
"worker",-0.0278,8,10.595,0.443,false
"suck",0.0228,1,-17.078,-1.495,false
"navy",0.0389,20,-1.313,2.717,false
"union",-0.036,9,11.624,-0.312,false
"maga",0.1283,40,-1.674,-3.557,false
"usaf",0.0269,10,-1.598,4.711,false
"speech",0.0323,11,-1.61,-10.051,false
"list",-0.0319,10,1.319,-14.058,false
"grandfather",0.0356,15,0.709,4.15,false
"married",0.0269,7,-3.411,5.365,false
"vote",7e-04,39,3.629,-7.605,false
"catholic",0.0542,9,-3.009,3.604,false
"constitution",0.0639,30,-2.717,-3.03,false
"common",0.0275,3,-7.531,6.728,false
"lifelong",-0.0343,6,8.682,-9.549,false
"voter",0.0035,10,9.097,-8.695,false
"election",0.0075,8,2.57,-12.057,false
"racist",-9e-04,7,2.194,-16.012,false
"happily",0.0404,18,-1.521,1.047,false
"marine",0.0263,12,-0.252,5.4,false
"grandma",-0.006,16,4.949,0.177,false
"#voteblue",-0.0365,13,4.168,-13.145,false
