type,rel,n,outrage,outrage_7d
Academics,-30,163,5.83,7.911
Academics,-29,145,10.22,9.005
Academics,-28,150,3.33,8.327
Academics,-27,119,13.72,8.882
Academics,-26,116,14.45,10.109
Academics,-25,173,5.61,9.807
Academics,-24,145,12.2,10.774
Academics,-23,160,13.5,9.512
Academics,-22,139,8.05,9.865
Academics,-21,120,9.54,11.346
Academics,-20,126,3.75,11.048
Academics,-19,130,16.62,10.185
Academics,-18,117,15.43,9.856
Academics,-17,109,10.02,9.423
Academics,-16,118,8.09,10.345
Academics,-15,118,5.33,8.359
Academics,-14,89,5.51,7.266
Academics,-13,95,9.43,6.698
Academics,-12,89,3.11,6.808
Academics,-11,130,8.43,7.474
Academics,-10,114,6.15,7.017
Academics,-9,91,9.38,6.808
Academics,-8,125,9.32,6.695
Academics,-7,261,5.22,6.673
Academics,-6,180,7.14,6.436
Academics,-5,373,5.54,5.999
Academics,-4,516,7.06,12.302
Academics,-3,579,5.7,12.07
Academics,-2,797,5.22,11.802
Academics,-1,2327,19.81,12.03
Academics,0,11844,11.82,12.753
Academics,1,6197,10.95,13.527
Academics,2,2669,13.05,13.948
Academics,3,2091,19.97,13.396
Academics,4,1960,21.68,14.751
Academics,5,1256,17.76,17.475
Academics,6,1085,12.73,19.015
Academics,7,986,16.8,19.389
Academics,8,924,21.6,20.42
Academics,9,750,20.31,21.11
Academics,10,659,26.37,23.143
Academics,11,765,33.92,22.78
Academics,12,693,21.43,22.052
Academics,13,506,24.37,21.918
Academics,14,657,10.89,20.532
Academics,15,531,14.47,17.238
Academics,16,353,16.77,16.331
Academics,17,355,15.11,15.498
Academics,18,352,17.37,15.708
Academics,19,421,17.3,15.301
Academics,20,333,21.04,15.039
Academics,21,386,9.14,15.135
Academics,22,706,13.1,15.347
Academics,23,414,14.68,15.421
Academics,24,227,16.35,14.025
Academics,25,268,20.25,13.945
Academics,26,345,18.3,14.184
Academics,27,517,11.31,13.949
Academics,28,382,8.49,13.674
Academics,29,284,13.9,12.641
Academics,30,179,12.44,11.208
Celebrities,-30,766,5.3,4.522
Celebrities,-29,991,4.68,4.553
Celebrities,-28,1219,4.46,4.589
Celebrities,-27,1181,3.95,4.307
Celebrities,-26,988,4.68,3.981
Celebrities,-25,1444,4.72,3.719
Celebrities,-24,1278,2.85,3.16
Celebrities,-23,1347,2.83,3.226
Celebrities,-22,3627,3.37,3.261
Celebrities,-21,9235,2.66,3.509
Celebrities,-20,2410,4.11,3.631
Celebrities,-19,1473,4.69,3.756
Celebrities,-18,1970,7.02,3.839
Celebrities,-17,2025,4.42,4.765
Celebrities,-16,1777,4.61,4.779
Celebrities,-15,1739,3.93,5.033
Celebrities,-14,1853,4.59,4.323
Celebrities,-13,1090,3.47,4.122
Celebrities,-12,1562,6.65,3.995
Celebrities,-11,1504,2.18,4.201
Celebrities,-10,1465,2.95,4.23
Celebrities,-9,2057,3.85,4.121
Celebrities,-8,1792,5.23,3.466
Celebrities,-7,2172,4.69,2.884
Celebrities,-6,2056,3.16,2.88
Celebrities,-5,3587,2.55,2.862
Celebrities,-4,15131,2.25,2.903
Celebrities,-3,10657,2.88,4.955
Celebrities,-2,9091,3.01,5.134
Celebrities,-1,20987,3.19,5.261
Celebrities,0,189828,5.64,5.504
Celebrities,1,36426,6.26,5.646
Celebrities,2,18518,6.7,5.732
Celebrities,3,16806,6.92,5.9
Celebrities,4,12060,6.76,6.242
Celebrities,5,9151,5.86,6.025
Celebrities,6,9112,5.26,5.632
Celebrities,7,8103,4.47,4.996
Celebrities,8,6669,3.73,4.434
Celebrities,9,5113,3.31,3.851
Celebrities,10,6455,3.41,3.825
Celebrities,11,4560,3.6,3.77
Celebrities,12,63877,3.69,3.787
Celebrities,13,13179,4.61,3.794
Celebrities,14,6252,3.73,3.778
Celebrities,15,2962,4.28,3.758
Celebrities,16,3614,3.31,3.836
Celebrities,17,5105,2.99,3.491
Celebrities,18,6145,3.31,3.47
Celebrities,19,4327,3.51,3.538
Celebrities,20,3857,3.6,3.698
Celebrities,21,3205,3.76,3.807
Celebrities,22,1825,5.83,4.366
Celebrities,23,1727,5.5,4.683
Celebrities,24,1755,3.05,4.841
Celebrities,25,2006,7.5,5.1
Celebrities,26,1969,5.11,5.082
Celebrities,27,1827,3.64,4.901
Celebrities,28,1702,4.75,5.235
Celebrities,29,1110,6.11,4.646
Celebrities,30,1093,3.84,4.486
Civilians,-30,191,6.46,4.799
Civilians,-29,88,6.99,4.739
Civilians,-28,84,3.84,5.449
Civilians,-27,139,1.71,5.216
Civilians,-26,168,4.56,4.747
Civilians,-25,191,7.94,4.49
Civilians,-24,83,2.8,4.347
Civilians,-23,208,4.19,4.492
Civilians,-22,111,4.25,4.351
Civilians,-21,71,1.76,3.662
Civilians,-20,83,1.53,3.822
Civilians,-19,92,3.33,3.663
Civilians,-18,65,7.34,3.494
Civilians,-17,60,4.31,4.398
Civilians,-15,57,3.53,4.539
Civilians,-14,63,7.57,4.962
Civilians,-13,55,4.39,4.758
Civilians,-12,83,1.0,4.758
Civilians,-11,57,10.52,4.969
Civilians,-10,73,3.34,4.358
Civilians,-2,58,8.82,8.029
Civilians,-1,7874,9.65,8.01
Civilians,0,40173,7.98,8.024
Civilians,1,14892,7.3,8.058
Civilians,2,6326,7.82,8.107
Civilians,3,3344,8.33,7.932
Civilians,4,1595,9.59,7.832
Civilians,5,2241,9.76,8.286
Civilians,6,1789,8.01,8.492
Civilians,7,837,6.51,8.279
Civilians,8,603,7.28,7.85
Civilians,9,535,7.0,7.332
Civilians,10,669,5.05,6.693
Civilians,11,547,6.43,6.587
Civilians,12,650,9.95,11.534
Civilians,13,483,4.13,13.588
Civilians,14,274,4.67,15.25
Civilians,15,497,43.81,16.411
Civilians,16,305,26.65,16.922
Civilians,17,245,10.63,18.261
Civilians,18,290,9.6,18.991
Civilians,19,338,7.66,10.903
Civilians,20,249,3.93,7.879
Civilians,21,199,7.34,7.095
Civilians,22,225,7.27,6.455
Civilians,23,186,8.57,6.517
Civilians,24,224,4.9,7.39
Civilians,25,128,5.03,7.451
Civilians,26,124,10.4,7.304
Civilians,27,129,9.75,7.336
Civilians,28,114,7.9,8.065
Civilians,29,122,5.88,8.691
Civilians,30,132,9.33,8.264
